pressure_GPa,temperature_K,volume_A3,density_kg_m3,C11_T_GPa,sigma_C11_T_GPa,C12_T_GPa,sigma_C12_T_GPa,C13_T_GPa,sigma_C13_T_GPa,C14_T_GPa,sigma_C14_T_GPa,C15_T_GPa,sigma_C15_T_GPa,C33_T_GPa,sigma_C33_T_GPa,C44_T_GPa,sigma_C44_T_GPa,C11_S_GPa,sigma_C11_S_GPa,C12_S_GPa,sigma_C12_S_GPa,C13_S_GPa,sigma_C13_S_GPa,C14_S_GPa,sigma_C14_S_GPa,C15_S_GPa,sigma_C15_S_GPa,C33_S_GPa,sigma_C33_S_GPa,C44_S_GPa,sigma_C44_S_GPa,qha_extrapolated,elastic_extrapolated,adiabatic_valid,mechanically_stable,minimum_stiffness_eigenvalue_GPa
0.0,300.0,109.16783473587354,2797.5333179017666,201.56124150515447,0.36561896685964235,65.70509785449312,0.5111226189073813,53.54432758585945,0.33754999185038703,16.054146630492735,0.4284666680362099,-12.707968923517386,0.12962964605256924,110.57761272334598,0.4671162981341474,40.16015307556235,0.2901632950649478,202.05475183558585,0.366467664890729,66.19860818492417,0.5122989171217324,54.05293291322258,0.3391557498216668,16.05414663049279,0.4289587085348704,-12.707968923517223,0.1297785095242069,111.10177475820358,0.4704759546793491,40.16015307556235,0.29016329506494776,False,False,True,True,29.305631775233707
2.0,300.0,106.88852960751986,2857.1882880061094,216.07216701675273,0.3463686599958047,73.65840076650268,0.46321001516714333,61.58846206523248,0.3070115042773148,18.327111817658448,0.3872153810882821,-13.742153890620985,0.11714935254113884,118.41912404992317,0.4347417919345072,42.981802568136736,0.26450450259900093,216.50267257198018,0.3469816888872368,74.08890632173191,0.4640244722256163,62.035626743257005,0.30819710176231524,18.32711181765827,0.38755516875892093,-13.742153890620246,0.11725215296581444,118.88359250298907,0.4373288416520938,42.981802568136736,0.26450450259900093,False,False,True,True,30.189071722879216
4.0,300.0,104.83628670444453,2913.11972712071,230.11313145117012,0.34400607867664723,81.52368583386088,0.42918350559792884,69.58169602941805,0.2862453985870231,20.600480621054494,0.3569961947141627,-14.760863322543688,0.10800674521326854,125.91664575738457,0.42073197431896253,45.683513270372025,0.2475618434684054,230.51179730879514,0.3445078962765346,81.92235169148859,0.4298065313520056,69.99546731050815,0.28719344561607246,20.600480621054192,0.357254855767489,-14.760863322542704,0.10808500133727453,126.34609480545421,0.42290319457294523,45.683513270372025,0.2475618434684054,False,False,True,True,30.887344628668863
6.0,300.0,102.95432510841701,2966.3703258235632,243.87250300436966,0.3474774597515193,89.38707876327047,0.4133768325573555,77.60705485639596,0.2770198963687921,22.896619810322598,0.3425266085047551,-15.77595975422888,0.10362907116321793,133.17922768240672,0.4180380381563235,48.30425199166732,0.2402716231738451,244.25812933046706,0.34792062809683405,89.77270508937085,0.4139019824881405,78.0046728068664,0.27783912974820935,22.896619810322232,0.34274381220146255,-15.775959754227822,0.10369478464878121,133.58921015465208,0.41997524348694243,48.30425199166732,0.2402716231738451,False,False,True,True,31.42871018641329
8.0,300.0,101.20619896493707,3017.6081904094253,257.47168483928414,0.35268596296769655,97.305475671716,0.4199788870837242,85.71973393208751,0.281415783382412,25.230593870667246,0.34802574273323506,-16.795269339354448,0.105292796264177,140.2761781614161,0.4244418854436527,50.868828550989896,0.24406964269508,257.85750172789375,0.3530981681531129,97.6912925603285,0.4204679207345238,86.1133521264829,0.28218267524304114,25.230593870666866,0.34822804210954256,-16.79526933935343,0.10535400054994801,140.6777554057857,0.4262572262023175,50.868828550989896,0.24406964269507997,False,False,True,True,31.83027709194178
10.0,300.0,99.56686209152548,3067.292154251729,270.9949247577118,0.36132500890929453,105.3197310761474,0.45089126435840454,93.95970399466313,0.3007170271076122,27.613494419786075,0.37505921227887185,-17.82439878502615,0.11347158656850315,147.25465153335566,0.4419488563093809,53.39416515894821,0.2600743793227417,271.39155333728576,0.3617272505712703,105.71635965572395,0.45139117096060327,94.35893860641735,0.30149185477933443,27.61349441978572,0.37526681338661794,-17.82439878502526,0.1135343948566297,147.6565093001201,0.44373297731396033,53.39416515894821,0.2600743793227417,False,False,True,True,32.10278361266586
0.0,400.0,109.43603171220082,2790.6773494853564,199.9243043152583,0.3694774012867663,64.81941026334528,0.5171021699676741,52.65112415656035,0.34146881721782907,15.802742094958795,0.43350881309561645,-12.592513298923379,0.1311551124023447,109.68702898323905,0.4722657239863158,39.83994407483055,0.2935157531040939,200.64414438041683,0.3707548486116044,65.53925032850282,0.5188677566524446,53.39181669716224,0.3438593342722573,15.802742094958926,0.4342467339897441,-12.592513298923283,0.13137836529799463,110.44917805809284,0.47724481692844756,39.83994407483055,0.2935157531040939,False,False,True,True,29.19530263080003
2.0,400.0,107.11519992948202,2851.1420892446336,214.5795864783699,0.34733487544114566,72.83199485687331,0.4676384942793016,60.750739061750885,0.30977144250452754,18.089684439351032,0.39109037176867684,-13.63489791417029,0.11832170435712312,117.61694246935483,0.4371031923620695,42.69296313234439,0.26678878763115427,215.2122979653939,0.34825409342110875,73.46470634389966,0.4688640057174498,61.40770198190346,0.31154541550609227,18.0896844393508,0.3916014385321853,-13.634897914169274,0.1184763240943085,118.29908636480621,0.4409503797439889,42.69296313234439,0.26678878763115427,False,False,True,True,30.105917882084867
4.0,400.0,105.03498694602138,2907.608824417227,228.71096556981254,0.3438539069792908,80.73092547156479,0.4318700059341807,68.77443791934614,0.28785367070652024,20.37025360876386,0.35941409534676894,-14.658347360496474,0.10873826445094247,125.1718641549075,0.42155452320712833,45.41496211068208,0.24885640769859038,229.30267011031142,0.3446091782252389,81.32263001206752,0.43281163028366476,69.3887939363463,0.28928155527232075,20.370253608763427,0.3598048971389755,-14.658347360495043,0.1088564988473644,125.80973878623294,0.4248066101155617,45.41496211068208,0.24885640769859038,False,False,True,True,30.824335607770447
6.0,400.0,103.13317654265951,2961.2261073959603,242.52664891788217,0.3470408097485623,88.61127368580397,0.4139951064518375,76.81385035306299,0.2773546368406508,22.6690971055655,0.34311911289912683,-15.675944548884084,0.10380832931372537,132.47250759122926,0.4178989988588219,48.04906621430953,0.24052068912155272,243.1048819537909,0.3477126997291211,89.18950672171715,0.41479186937778184,77.41057058026037,0.27859580716994375,22.66909710556496,0.3434484542441777,-15.675944548882502,0.10390796927407267,133.08830607978655,0.4208252874861985,48.04906621430953,0.24052068912155272,False,False,True,True,31.381836160925324
8.0,400.0,101.37048350486796,3012.7177493647273,256.15847953397696,0.35209714741651615,96.53460703792656,0.4182815273024027,84.92865589571743,0.28034815158098175,25.00246236844045,0.3465489081019884,-16.696152864041217,0.1048459901104964,139.59434604313117,0.4233954062715792,50.62228197785384,0.24317984038228305,256.7426639416404,0.35272704910280794,97.11879144559443,0.4190256482922902,85.52534944794702,0.2815155673311979,25.002462368439872,0.3468564090634123,-16.696152864039657,0.10493902241273907,140.20381659832188,0.42615967658795945,50.62228197785384,0.24317984038228302,False,False,True,True,31.797150644267735
10.0,400.0,99.7202206206557,3062.575002501954,269.6967681926217,0.36020122961145,104.54445727323535,0.4468766367847172,93.16138615995818,0.2982070407752019,27.382111236475396,0.3715522912402803,-17.724944372997186,0.112410591718526,146.58813966606502,0.4396618113090809,53.152815323339915,0.25799152012988236,270.3026664819803,0.36081992717559863,105.15035556259798,0.4476394990357259,93.77211632600728,0.29939157463431554,27.382111236474845,0.37186869085066965,-17.724944372995797,0.11250631624576456,147.20374024172796,0.44239619290235704,53.152815323339915,0.25799152012988236,False,False,True,True,32.081990998483484
0.0,500.0,109.73201859672152,2783.1498848042197,198.13434646249425,0.37417151453161207,63.853645695678544,0.5237475489295739,51.67778811613833,0.3458532092012171,15.52901514680057,0.43908373561170594,-12.466548096461102,0.13284176691098312,108.71179037784577,0.47829418173778604,39.489356130513016,0.29728234201681775,199.0787167888933,0.3759073734760928,64.79801602207553,0.5261378148713103,52.64766953175887,0.34905974211268354,15.529015146800816,0.4400818710352124,-12.466548096461194,0.13314374592437175,109.70787203571928,0.48494352912885136,39.489356130513016,0.29728234201681775,False,False,True,True,29.072132624483054
2.0,500.0,107.36547759089412,2844.4958451216503,212.94456411518797,0.3486136741505532,71.92889265739522,0.47263835265739695,59.83575276378181,0.31290265601710454,17.830545567901563,0.39545015697128916,-13.517636460695797,0.11964072742520512,116.73705600673055,0.43991809475267024,42.37619398743559,0.26938888799178784,213.77219186076172,0.3498431991887262,72.75652040297167,0.4742836610470308,60.69467640918794,0.3152691240258492,17.830545567901304,0.3961360413324414,-13.517636460694577,0.1198482370252172,117.62845897453018,0.44501722632512214,42.37619398743559,0.26938888799178784,False,False,True,True,30.01282327953421
4.0,500.0,105.25490242092242,2901.533780302977,227.17000148764137,0.34375788415796105,79.86154456076797,0.43502347275679387,67.88955947395878,0.2897493987540104,20.118049539928503,0.36224412851476173,-14.545883275518246,0.1095944715563864,124.35235363065974,0.42259017419263195,45.11950939883439,0.25038686540140515,227.94456256147797,0.3447617831730485,80.63610563460945,0.4362814151679667,68.69404907178955,0.29164922494635354,20.11804953992796,0.362766092615158,-14.545883275516422,0.10975238820775872,125.18792817071783,0.42689091654484645,45.11950939883439,0.25038686540140515,False,False,True,True,30.753388779746956
6.0,500.0,103.33173776699005,2955.5358451966545,241.04208118689678,0.3465753064631069,87.75716832164848,0.41492581445355237,75.94093982068512,0.2778747883931597,22.418855285914205,0.3439945867329771,-15.565802413045613,0.10407319792542076,131.69203082165845,0.41784403954002824,47.767289003372746,0.24091811642572222,241.80071575788196,0.3474673848145614,88.51580289263944,0.4159854093268892,76.72452526356398,0.2795223782281124,22.41885528591351,0.3444323533633464,-15.565802413043548,0.10420564121064878,132.50138775024436,0.4217152249624625,47.767289003372746,0.24091811642572222,False,False,True,True,31.328618077748352
8.0,500.0,101.55346796816845,3007.289273592574,254.70455818062348,0.35147450638614564,95.68267685555536,0.41667199297794283,84.05470857461528,0.2793305255528479,24.750566743389165,0.3451537400154095,-16.586586028683257,0.10442389161071179,138.83858652504023,0.4223521048319599,50.34904310263675,0.2423288109516617,255.4731654398261,0.35231148260191125,96.45128411476387,0.41765694593592917,84.84076441746637,0.28087617887996175,24.750566743388404,0.3455603677481731,-16.58658602868119,0.10454691403628404,139.64248706160473,0.42601257184842994,50.34904310263675,0.2423288109516617,False,False,True,True,31.759079059309663
10.0,500.0,99.89157061812752,3057.321584063454,268.2545405536982,0.35904665902282434,103.68461314563439,0.44267214772910546,92.27628038209777,0.29558111747880417,27.12570148975667,0.3678765639585206,-17.614616903026352,0.11129852570142801,145.84681779721947,0.4372879708635384,52.88441502968023,0.25581391286516686,269.05405967998985,0.3598691027545409,104.48413227193147,0.44367803979977155,93.08340620803268,0.29714593542943807,27.12570148975593,0.36829323446969403,-17.614616903024476,0.11142458650045758,146.6616226936485,0.44091034133786566,52.88441502968023,0.25581391286516686,False,False,True,True,32.05756626998827
0.0,600.0,110.04966995490356,2775.116500049004,196.23252230468538,0.3797278618908842,62.830651033078375,0.5309229011739991,50.647494038700444,0.3506223378384457,15.23953692839593,0.445068824510966,-12.333035668993855,0.1346525144403962,107.67399309839502,0.4851706096566413,39.11634610390257,0.3013983680423893,197.40994136439858,0.3819774508548032,64.00807009278796,0.5340049772630717,51.85401753036378,0.35471531467787953,15.239536928396339,0.4463546125230959,-12.333035668994272,0.13504152076781276,108.91034044977053,0.49362257246933694,39.11634610390257,0.3013983680423893,False,False,True,True,28.938354064821212
2.0,600.0,107.63305885554685,2837.4242836178696,211.21145124383486,0.3502430927967616,70.97409901626642,0.47809906924474455,58.86895079666931,0.31634088995755283,17.556945332940575,0.4001934684790338,-13.393603696782966,0.12107578374169269,115.80306693599599,0.4431751031071214,42.04000350699929,0.2722542509273472,212.23457623337802,0.3518006926360997,71.99722400581243,0.4801906264036125,59.930068530121495,0.3193281191033401,17.556945332940312,0.40106506333178765,-13.393603696781609,0.12133947877475623,116.9035882366725,0.4495696248459762,42.04000350699929,0.2722542509273472,False,False,True,True,29.911842542787106
4.0,600.0,105.48973615619522,2895.074592513941,225.5370494577362,0.3437493302249974,78.9423924554773,0.43858584374291704,66.95448448219767,0.2919004306756413,19.851722117069002,0.3654313701894351,-14.426934467896626,0.11055874964149034,123.48277293180986,0.42384472472510826,44.806055451284976,0.2521288307951985,226.49102597484395,0.3450063240224514,79.89636897259082,0.4401697706306525,67.9456010807575,0.294281702244611,19.85172211706837,0.3660884855617993,-14.42693446789445,0.11075755538140566,124.51247554432173,0.4292004069535525,44.806055451284976,0.2521288307951985,False,False,True,True,30.676254197126028
6.0,600.0,103.54376503424135,2949.4837744774463,239.46789756950918,0.34610266290009617,86.85341365646536,0.41619109321720216,75.01769075367609,0.27859567218277453,22.154347893853,0.3451708351591652,-15.449219823025674,0.10442906382425353,130.86338832571678,0.417898861998212,47.46816934127548,0.2414774245590846,240.40084971648665,0.3472136901479981,87.7863658034499,0.4175139672505749,75.98218082016423,0.28064811395405637,22.154347893852158,0.3457171551984106,-15.449219823023153,0.10459434919727911,131.86048243324205,0.4227023632793496,47.46816934127548,0.2414774245590846,False,False,True,True,31.27044660977335
8.0,600.0,101.74896908375003,3001.5110488777864,253.16130977894608,0.3508425113125705,94.78018201823343,0.4152720590616205,83.12925677713956,0.2784379419615571,24.48398034069789,0.3439477804278566,-16.47048386644722,0.10405903684353622,138.0353971749891,0.42137256788078625,50.05870164715892,0.2415782389926114,254.10614330203586,0.351882171473845,95.7250155413305,0.41649155588227,84.0967955163092,0.2803517393041546,24.483980340696956,0.3444507839311799,-16.470483866444656,0.10421121709607231,139.02618675740428,0.42590422560804025,50.05870164715892,0.2415782389926114,False,False,True,True,31.717057930414498
10.0,600.0,100.07478459400787,3051.7243295179305,266.7219887818087,0.3579178730886422,102.77261981120905,0.4385022690608441,91.3378366644171,0.29297915000964986,26.853988019289417,0.3642285498783327,-17.49756993853389,0.1101948441244036,145.05809840181513,0.43495044342859246,52.59889901795144,0.2536573870089469,267.7050006478657,0.35893705208746907,103.75563167727282,0.4397387992738378,92.33178430315674,0.29490627020446253,26.853988019288494,0.3647401170178103,-17.49756993853153,0.1103496152460324,146.0631034711017,0.43942427763305236,52.59889901795144,0.2536573870089469,False,False,True,True,32.03007864263114
0.0,700.0,110.38623271679869,2766.6552920627378,194.23883522740098,0.3862094020360763,61.761722413314764,0.5385631943785164,49.57174348245604,0.3557412561725503,14.93758351020837,0.4514016903409026,-12.193435162865693,0.13656847949026932,106.58428311159422,0.49291857548288187,38.72475150671427,0.30583809036731174,195.66470420853045,0.3890511529943077,63.18759139443841,0.542430742934633,51.02906988628811,0.360821537181114,14.937583510208997,0.4530134044539678,-12.193435162866601,0.13705609251987066,108.07376094960975,0.5033681762130032,38.72475150671427,0.30583809036731174,False,False,True,True,28.794872258665677
2.0,700.0,107.91476925781038,2830.017216523831,209.40334372097755,0.3522699955707612,69.98073305049799,0.483962569089017,57.863706363180015,0.32005420206133084,17.272701415061285,0.4052653251443531,-13.264493793065997,0.12261023913793188,114.82721709396007,0.4468879914070235,41.68880680851126,0.27536086922854985,210.62710411081724,0.3541833418050309,71.20449344034039,0.48653926533244524,59.131855629268536,0.32370642125067095,17.27270141506105,0.4063386535844419,-13.264493793064572,0.12293496728156461,116.14136533280895,0.45465468029925193,41.68880680851126,0.27536086922854985,False,False,True,True,29.803953745844453
4.0,700.0,105.73617868158371,2888.3269541685477,223.8371759887986,0.3438572097241139,77.98790613152036,0.44252490816944173,65.98397173110195,0.2942899089160891,19.575502592189736,0.3689443680058895,-14.303361671524522,0.11162158300901522,122.57629650223187,0.425330783836239,44.479356735432084,0.2540701338419081,224.97084042796283,0.34537761130017675,79.12157057069113,0.4444521057222653,67.1620058792659,0.297172758371021,19.57550259218903,0.36974378225797444,-14.30336167152203,0.1118634402970936,123.80043691477182,0.4317703536816462,44.479356735432084,0.2540701338419081,False,False,True,True,30.593813398525263
6.0,700.0,103.76590427705912,2943.169599345157,237.83079021746974,0.3456378871087735,85.915625712414,0.4178027905520905,74.06011821103128,0.2795259189827514,21.88018797159623,0.3466569241957342,-15.32820506998612,0.10487866987127042,130.0004723112351,0.4180804844638342,47.156728983106625,0.24220643261239402,238.93533080713232,0.34697090542564196,87.0201663020848,0.41939502864831196,75.20297646635854,0.2819899257321575,21.880187971595255,0.3473142720993493,-15.328205069983165,0.1050775459616118,131.18297751203417,0.4238216964605889,47.156728983106625,0.24220643261239402,False,False,True,True,31.208040579621894
8.0,700.0,101.95362003576093,2995.486131926248,251.556949597182,0.3502123492838667,93.84389543381836,0.414150963470763,82.16955673512788,0.2777127964465962,24.207697265864883,0.3429924539726432,-16.3499989023247,0.10377000940934131,137.19931187245635,0.4204889175941082,49.75651820834371,0.24096282909485583,252.67302768835083,0.3514539194972851,94.95997352499586,0.41560356042262886,83.31394883095389,0.27999191592001954,24.207697265863782,0.3435911065137742,-16.34999890232165,0.10395112762085465,138.3727362764938,0.4258826460269671,49.75651820834371,0.24096282909485583,False,False,True,True,31.67160729153177
10.0,700.0,100.26649418816517,3045.889430856829,265.1288397797933,0.3568402121561779,101.82643034341736,0.4344959822965292,90.36458221452492,0.29048081594455183,26.57235765835949,0.3607218976999561,-17.376102989205098,0.10913393062053485,144.237132081295,0.4327138050926617,52.301758609530296,0.2515875301902996,266.2884033754016,0.3580525091189062,102.98599393903383,0.4359554150240754,91.53895380006495,0.2927592256481615,26.57235765835839,0.3613249381226446,-17.376102989202256,0.10931637635524266,145.42650075943146,0.4380178165336531,52.301758609530296,0.2515875301902996,False,False,True,True,31.999823113670402
0.0,800.0,110.74061720892384,2757.801632445569,192.1630241278156,0.3937009032560819,60.65257061322752,0.5466379059507702,48.45639822730974,0.36119782634626835,14.624840462636087,0.458048820701539,-12.0484781984068,0.13857952311416954,105.44774012797357,0.5015920629626197,38.316407706897074,0.3105953683166383,193.85865371670369,0.39723879938218304,62.34820020210683,0.5514122514445068,50.184264458972734,0.3673962329779928,14.624840462637003,0.4600359293644663,-12.048478198408407,0.13918070918525854,107.20845587278376,0.5142954538932502,38.316407706897074,0.3105953683166383,False,False,True,True,28.641929500999034
2.0,800.0,108.20892743218522,2822.32401858151,207.53322464583277,0.3547477678781964,68.95626047480633,0.49019528646396276,56.827649897952604,0.32402588525024506,16.979999008295486,0.4106322491190879,-13.131268332984078,0.12423396512084625,113.81634296315691,0.45108391332644043,41.32507142489902,0.27869733192207113,208.9658911267466,0.3570534167184061,70.38892695572243,0.49330671782024077,58.31076298276334,0.32840020784527985,16.97999900829531,0.41192771743355694,-13.131268332982668,0.12462590015697692,115.35167896189807,0.4603258805414343,41.32507142489902,0.27869733192207113,False,False,True,True,29.68962120861817
4.0,800.0,105.99233846661873,2881.346513672618,222.0851098290031,0.344110976028684,77.00661650350797,0.4468196453722135,64.98675274992365,0.29690765992803597,19.29189784035546,0.37276177675620803,-14.176263108373716,0.11277651381274828,121.64064154920624,0.427064877830994,44.14220047068637,0.2562039857917485,223.40098677002834,0.3459094265847467,78.32249344454037,0.44911307603903944,66.3542676914914,0.30031970145335835,19.291897840354697,0.3737129812462583,-14.176263108370946,0.11306429419421446,123.06182088376771,0.4346325575026622,44.14220047068637,0.2562039857917485,False,False,True,True,30.506539258405294
6.0,800.0,103.99617632522278,2936.6527280939026,236.14675350961414,0.34519376105239696,84.95318936803424,0.4197660036646055,73.07785280152493,0.280669954378466,21.59915155914724,0.3484560005176229,-15.203964342350357,0.10542296807107322,129.1115935814956,0.4184019875825083,46.83597270291382,0.24310947524724427,237.4220773699239,0.34675457080659444,86.22851322835336,0.4216375142536625,74.39848994882814,0.2835576198512193,21.599151559146144,0.34922844243562917,-15.203964342346987,0.10565666506448923,130.4791540334843,0.42509730109090066,46.83597270291382,0.24310947524724427,False,False,True,True,31.14180476025747
8.0,800.0,102.16540066562699,2989.276730938818,249.90856540948937,0.34958922254412245,92.88399112659827,0.41335044572830354,81.18607906154553,0.2771805091493662,23.924748895767593,0.34232493089039373,-16.226436342411535,0.10356805490876707,136.3391249323493,0.41971925336614085,49.44567625437453,0.24050331270972128,251.19271011687053,0.3510340863856905,94.16813583398944,0.4150378140578946,82.50450489468082,0.279826662461728,23.924748895766335,0.3430198119701434,-16.226436342408014,0.10377828640325797,137.69274704945747,0.4259752225874656,49.44567625437453,0.24050331270972128,False,False,True,True,31.623026863985487
10.0,800.0,100.46465781150852,3039.8815023069283,263.49321676783677,0.3558235145757512,100.85699861578156,0.43073403179237923,89.36782307237668,0.28813537682952767,26.2840981685284,0.3574283971768822,-17.251618781363533,0.10813750468628387,143.39315166922003,0.43061321646588097,51.996340395119475,0.24964455508386366,264.8241775555759,0.35722730088782173,102.18795940353026,0.4324115575830802,90.71798644326553,0.2907583420709566,26.28409816852712,0.358120718280261,-17.251618781360204,0.10834696167725705,144.76279467063898,0.4367350192504118,51.996340395119475,0.24964455508386366,False,False,True,True,31.966971107868474
0.0,900.0,111.11276099107468,2748.565081029098,190.00872106158477,0.4023056109123186,59.505614226737364,0.5551376523996864,47.30400295232419,0.36699443658608766,14.302060293687695,0.46499381851985055,-11.898466637911019,0.14068068449026483,104.26611723227818,0.5112683790458186,37.89195411814115,0.31567682779670325,192.00180156851357,0.40667568458756165,61.49869473365346,0.560973568377225,49.32802990033943,0.3744768828428503,14.302060293688985,0.46741924067629387,-11.898466637913588,0.1414144792968978,106.32157112490823,0.5265527608091382,37.89195411814115,0.31567682779670325,False,False,True,True,28.47934472428749
2.0,900.0,108.51470661236593,2814.37110646897,205.60836532504945,0.35773610378629245,67.90496333395416,0.49677773391711694,55.765179969823386,0.3282481577296147,16.680105306279817,0.4162729437672695,-12.994476073931953,0.1259405185394633,112.77422341127728,0.4557995745074168,40.95016340156152,0.2822597071519826,207.26093548774233,0.3604801628885356,69.55753349664853,0.5004845804029137,57.473825591282754,0.33341444614214355,16.68010530627973,0.41781546893077076,-12.994476073930652,0.12640719892756014,114.54084725917184,0.46664567429045234,40.95016340156152,0.2822597071519826,False,False,True,True,29.56901021281237
4.0,900.0,106.25711788615068,2874.1665593077905,220.2898161844896,0.34454198604429925,76.0037642209166,0.45145517317392503,63.9682018446651,0.2997472559214231,19.002454418812263,0.37686772546277436,-14.046312125387605,0.11401874039731404,120.68048157742449,0.429066759857924,43.79627560176331,0.2585266641343337,221.7921195490742,0.34663711353136145,77.50606758550882,0.45414297073986903,65.52943994466766,0.3037225962430222,19.00245441881146,0.377982337259399,-14.0463121253846,0.11435595853645578,122.30296639797442,0.43781961558838606,43.79627560176331,0.2585266641343337,False,False,True,True,30.414674425614024
6.0,900.0,104.23336711520044,2929.9701560947,234.42583213369562,0.3447827976437654,83.97202366169824,0.42208153699276896,72.07697396975777,0.2820296225911991,21.31299286793397,0.3505673549604832,-15.077257680661042,0.10606174387066042,128.20195905481384,0.4188748665779469,46.50778359328412,0.2441888005857283,235.8724541121724,0.3465793901873944,85.4186456401854,0.42424536838485105,73.57612288974873,0.285357275809771,21.312992867932763,0.35146026234063577,-15.077257680657278,0.10633188686176877,129.75554217310471,0.42654886046396806,46.50778359328412,0.2441888005857283,False,False,True,True,31.07196949544077
8.0,900.0,102.38303966107178,2982.9223270553066,248.22705053111056,0.3489756063240256,91.90696796035378,0.41289604691178156,80.1855148719479,0.27685659657881395,23.637073236100075,0.34196799058109134,-16.100629511518292,0.10346006509256434,135.46043657574882,0.4190741575620524,49.12820327443157,0.24021232041229315,249.67727156491094,0.3506266918092028,93.35718899416547,0.41482224747841545,81.67633609335513,0.2798748630424397,23.637073236098665,0.34276068411447036,-16.100629511514303,0.10369988907264648,136.9929946220032,0.42619898131479417,49.12820327443157,0.24021232041229312,False,False,True,True,31.571495221782698
10.0,900.0,100.66797263576214,3033.7419828827155,261.82676961436346,0.3548692727953644,99.8713713792521,0.42726938545620136,88.35483375846923,0.285974621914804,25.99132519621078,0.3543956941986955,-17.125019470550328,0.10721998125803543,142.53209009956612,0.42866735175154497,51.68479494022976,0.24785412211958882,263.3251287982274,0.35646427609513376,101.36973056312698,0.42916235194369645,89.87728793763074,0.28893848745285594,25.991325196209324,0.3551760140898303,-17.125019470546512,0.1074560616773868,144.07902674373517,0.43560058501155335,51.68479494022976,0.24785412211958882,False,False,True,True,31.931627320131263
0.0,1000.0,111.50336060859124,2738.9367750882757,187.7753095384032,0.4121460291039716,58.32101838301954,0.5640685459302448,46.114840456429484,0.3731447389043297,13.969362210613438,0.47223219395864413,-11.743407066066956,0.14287060524912693,103.03883511134984,0.5220471191398739,37.451192368018845,0.32109929697329553,190.10138175971255,0.41752718194889604,60.64709060431099,0.5711644771119895,48.46779439387856,0.38212219321081564,13.96936221061521,0.4751763230924204,-11.74340706607082,0.1437613312874093,105.41898142883635,0.5403301979690457,37.451192368018845,0.32109929697329553,False,False,True,True,28.306607747990114
2.0,1000.0,108.83183452049649,2806.1702374343727,203.63242912565295,0.36130145385316814,66.82912567120644,0.5036997909196017,54.6786698298197,0.3327193720566693,16.373713238161457,0.4221740222602524,-12.854406330017316,0.12772584930070024,111.70269942404204,0.46108000588606535,40.5647509448674,0.2860493120439175,205.5187437883556,0.3645413839995145,68.71544033390938,0.5080755252247255,56.62612550205235,0.3387618290766205,16.373713238161507,0.42399370360511685,-12.854406330016237,0.12827638138693595,113.71327786585792,0.4736878983637953,40.5647509448674,0.2860493120439175,False,False,True,True,29.442084975259533
4.0,1000.0,106.5299126336837,2866.806583864928,218.45672050658914,0.3451844144570259,74.98257452113548,0.45642064091699014,62.93163806583381,0.3028048105257616,18.708131403917147,0.3812498637946898,-13.913921677197981,0.11534452625485707,119.698618050839,0.4313593474470605,43.44259569119549,0.2610365765010143,220.15118765744822,0.3475990788937678,76.67704167200247,0.4595363090937971,64.69233687975044,0.3073840791187504,18.708131403916326,0.38254169793332826,-13.913921677194791,0.11573536179572261,121.5281373258251,0.4413671602417468,43.44259569119549,0.2610365765010143,False,False,True,True,30.31831515972366
6.0,1000.0,104.4767308452794,2923.14520607532,232.67444843348443,0.3444183031226368,82.97593987951531,0.42474754238719814,71.0614020215692,0.2836052433930469,21.022845008996182,0.3529878277866779,-14.948573741397064,0.10679404131296985,127.27488471034664,0.419510383159847,46.17336145185978,0.2454454666575698,234.29394996176134,0.346460720129374,84.59544140780358,0.42721970044299395,72.74085384650535,0.2873930704543961,21.022845008994878,0.35400779805775634,-14.948573741392929,0.1071026263085221,129.01650605681263,0.42819482709142015,46.17336145185978,0.2454454666575698,False,False,True,True,30.99865673810396
8.0,1000.0,102.60572155417424,2976.44858679302,246.51953606575105,0.3483729636384267,90.91709366697825,0.4128031221575025,79.17226101509374,0.276750433661851,23.345944657046985,0.341935270457084,-15.973125238370509,0.10345016586597948,134.5669065857013,0.4185601452838873,48.805424513083715,0.24009750530226862,248.1347367347375,0.3502344808508347,92.53229433597726,0.41497429329165825,80.8347206238664,0.28014873817092106,23.34594465704543,0.34282823394096046,-15.973125238366062,0.10372032583045404,136.2780078772423,0.42656557181397237,48.805424513083715,0.24009750530226862,False,False,True,True,31.517116442463056
10.0,1000.0,100.87558482700207,3027.498233993398,260.13721699945046,0.35397442849275707,98.87422290934558,0.4241377484328653,87.33044083941289,0.28401953832033383,25.695442693039542,0.3516563725405973,-16.99690324875843,0.10639121833298984,141.65787618620732,0.42688517014150645,51.36854643690885,0.24623292624825183,261.799824788431,0.35576143049566333,100.53683069833845,0.4262452970862874,89.0225083287112,0.287323156607994,25.695442693037915,0.3525241687470427,-16.996903248754126,0.10665376411028218,143.37992537141884,0.4346280908156567,51.36854643690885,0.24623292624825183,False,False,True,True,31.893855658986034
0.0,1100.0,111.91377206332947,2728.892515069376,185.45875372037816,0.4233671894272921,57.09717501999968,0.5734500153069516,44.88742335055963,0.3796727055357299,13.626373076222315,0.47976902215977063,-11.583072482215162,0.14515082084002623,101.76341748296952,0.5340523990363147,36.99324349980798,0.32688924819759896,188.16367753163414,0.42999789968272784,59.802098831230914,0.5820639426421659,47.61138235671992,0.3904169187165601,13.626373076224706,0.4833359665086591,-11.583072482220757,0.14622997534191787,104.50654563924702,0.5558729000102024,36.99324349980798,0.32688924819759896,False,False,True,True,28.12290563284187
2.0,1100.0,109.16043809768522,2797.722876886073,201.60659089876606,0.36551779434688886,65.72966844660475,0.5109583483465402,53.56911440847062,0.33744268140019085,16.06112611046904,0.4283278084595437,-12.711170999063647,0.12958763504156218,110.60226785590993,0.4669784688201808,40.16901854742168,0.29007168233094593,203.7437285368261,0.3693251559785493,67.86680608466338,0.5160919492386165,55.77171171990416,0.3444626108981366,16.061126110469274,0.43046100276178073,-12.711170999062926,0.13023301831869566,112.87232984440126,0.4815400647921252,40.16901854742168,0.29007168233094593,False,False,True,True,29.30865700601182
4.0,1100.0,106.81044889393455,2859.276953512952,216.5889258221894,0.34607596254973083,73.94495687857015,0.4617082231493027,61.87904012243811,0.3060784222716706,18.409505260257628,0.38589841007041653,-13.779334552919243,0.11675091200476746,118.69662084698126,0.4339688843231853,43.08173012136597,0.2637338394856328,218.48284268879797,0.34883786147537005,75.83887374518676,0.46529124888869705,63.846443711118305,0.31130936343485455,18.409505260256815,0.3873837213052446,-13.779334552915921,0.11720028271154356,120.74036254916214,0.44531525014669787,43.08173012136597,0.2637338394856328,False,False,True,True,30.217455578314237
6.0,1100.0,104.72582693324838,2916.192345861929,230.89668838189715,0.34411505673302833,81.96739312219012,0.42776060378240754,70.03366871487853,0.2853963027148749,20.729441921955488,0.355712747586143,-14.81822648704639,0.1076184470948673,126.33246517446703,0.4203204168747478,45.83346481316042,0.24687992322849972,232.69163895158852,0.3464154861013181,83.76234369189373,0.43056014527427516,71.89618879911596,0.28966837829926145,20.7294419219541,0.35686763817776235,-14.818226487041906,0.10796785130620903,128.26509837493685,0.4300542230768337,45.83346481316042,0.24687992322849972,False,False,True,True,30.92191547890515
8.0,1100.0,102.83292474230062,2969.872301912391,244.79074146203848,0.34778274543066123,89.9172076292268,0.41308035293841,78.14924595660186,0.2768674496950591,23.052212934535085,0.34223433431577527,-15.8442868995533,0.10354064560381479,133.66094989449198,0.41818167396890715,48.47821474776307,0.24016336542862343,246.57060819115006,0.34986013549287137,91.69707435835218,0.4155046444851197,79.98335608215679,0.2806564209151173,23.05221293453339,0.3432308693401069,-15.844286899548406,0.10384214042604648,135.55095654366522,0.4270841785070701,48.47821474776307,0.24016336542862343,False,False,True,True,31.45994514261043
10.0,1100.0,101.08692868694025,3021.1686009632986,258.4297629638963,0.35313356610108615,97.86871104021243,0.42136354719300984,86.29790642755518,0.2822841175977908,25.397399869025232,0.34923311107649163,-16.86767399812248,0.10565807724853327,140.77315615066456,0.42526982148389314,51.04855424321233,0.24479189000344764,260.2541787332362,0.35511427666646733,99.69312680956602,0.42368646233272894,88.15759415772953,0.2859286058924617,25.397399869023438,0.35018855715800884,-16.867673998117688,0.10594714089309025,142.66879776475366,0.4338246670236265,51.04855424321233,0.24479189000344764,False,False,True,True,31.853692895546494
0.0,1200.0,112.3460157024541,2718.393287089475,183.05183098200428,0.43614238020952384,55.83086467229868,0.583314720318298,43.61866559757335,0.38661318378798015,13.272278554870702,0.48761822993908976,-11.417022318124026,0.14752554472538923,100.43559999918644,0.547437869336274,36.516587846055955,0.33308358470729627,186.19567648522036,0.44434679561150087,58.97471017548098,0.593788798577321,46.76845020673655,0.3994812237033049,13.272278554873893,0.4919454722163296,-11.417022318131936,0.14883472214106605,103.59133493398915,0.5735026276066454,36.516587846055955,0.33308358470729627,False,False,True,True,27.927104726690644
2.0,1200.0,109.50096309480568,2789.02254633491,199.530152401591,0.3704676762257822,64.60650299183142,0.5185561450529714,52.436491468180364,0.3424254568932047,15.742361011575339,0.4347311722626686,-12.564750106204952,0.13152492877102892,109.4724056582647,0.4735570476168832,39.7627840076681,0.29433616792626477,201.93907680531476,0.37493202218030575,67.01542739555143,0.524555970196412,54.9142017589135,0.35054529640448334,15.742361011575818,0.43722202905605084,-12.564750106204754,0.13227852037713184,112.02086598990277,0.49030647042085046,39.7627840076681,0.29433616792626477,False,False,True,True,29.16840758557489
4.0,1200.0,107.09868993479934,2851.581612274856,214.68792216911712,0.3472584856768232,72.89191417729987,0.4673126167734584,60.81146479238026,0.30956791692433755,18.106889854079622,0.390805654697227,-13.642676106775637,0.11823556516268853,117.67520076795448,0.43692522122155253,42.7139386013959,0.26662009640685,216.79026028152273,0.35040105757703416,74.99425228971337,0.4714094092578095,62.99444712885574,0.3155063869158802,18.106889854078844,0.39250351073085554,-13.642676106772246,0.11874923983778113,119.9419207847034,0.4497095012685546,42.7139386013959,0.26662009640685,False,False,True,True,30.11201211154963
6.0,1200.0,104.98042424506578,2909.1200298817066,229.09506201142872,0.34388980865379587,80.94792740898627,0.4311164683635732,68.9953737746191,0.28740191536894544,20.43324990486629,0.35873656796462616,-14.6864124336257,0.10853328319278874,125.37596930588947,0.42131804600170863,45.48855395448461,0.24849240058308508,231.0690201858867,0.3464628146804476,82.92188558345724,0.4342657477746491,71.0446988719499,0.29218644822721906,20.43324990486483,0.3600355929455273,-14.686412433620896,0.10892629427311035,127.50353888101641,0.4321477002580329,45.48855395448461,0.24849240058308508,False,False,True,True,30.84174206549644
8.0,1200.0,103.06432551363831,2963.204323074786,243.04377776738596,0.3472070185123291,88.90919877732793,0.4137319179237947,77.11842151722473,0.27721048339397136,22.756445612817995,0.3428685719509102,-15.714355752653901,0.10373252986476249,132.74415005339915,0.41794238442378095,48.1471479605609,0.24041236748913486,244.98872516409324,0.3495069754923048,90.85414617405021,0.4164195099190907,79.12490774197207,0.28140343689819447,22.75644561281617,0.34397282942552104,-15.71435575264857,0.10406661537400491,134.81412221661375,0.4277630550241271,48.1471479605609,0.24041236748913486,False,False,True,True,31.400000969021118
10.0,1200.0,101.30163092257503,3014.765430086887,256.70794217765445,0.35234024440813216,96.85698831195052,0.4189635408177377,85.25945579726076,0.28077765949725747,25.09784467058738,0.34714178793926637,-16.737606760101215,0.10502536182459433,139.87972397320837,0.42382102866649224,50.72546888577958,0.24353809891628364,258.6923560029079,0.3545172443537466,98.84140213721906,0.42150418033322523,87.28537802432804,0.2847662810281363,25.09784467058542,0.3481857238764746,-16.737606760095936,0.1053411974667907,141.9480228420701,0.4331936739150356,50.72546888577958,0.24353809891628364,False,False,True,True,31.811156495997864
